time;averagePm10
"2018-01-01 23:00:00";
"2018-01-02 23:00:00";
"2018-01-03 23:00:00";
"2018-01-04 23:00:00";
"2018-01-05 23:00:00";
"2018-01-06 23:00:00";
"2018-01-07 23:00:00";
"2018-01-08 23:00:00";
"2018-01-09 23:00:00";
"2018-01-10 23:00:00";
"2018-01-11 23:00:00";
"2018-01-12 23:00:00";
"2018-01-13 23:00:00";
"2018-01-14 23:00:00";
"2018-01-15 23:00:00";
"2018-01-16 23:00:00";
"2018-01-17 23:00:00";
"2018-01-18 23:00:00";
"2018-01-19 23:00:00";
"2018-01-20 23:00:00";
"2018-01-21 23:00:00";
"2018-01-22 23:00:00";
"2018-01-23 23:00:00";
"2018-01-24 23:00:00";
"2018-01-25 23:00:00";
"2018-01-26 23:00:00";
"2018-01-27 23:00:00";
"2018-01-28 23:00:00";
"2018-01-29 23:00:00";
"2018-01-30 23:00:00";
"2018-01-31 23:00:00";
"2018-02-01 23:00:00";
"2018-02-02 23:00:00";
"2018-02-03 23:00:00";
"2018-02-04 23:00:00";
"2018-02-05 23:00:00";
"2018-02-06 23:00:00";
"2018-02-07 23:00:00";
"2018-02-08 23:00:00";
"2018-02-09 23:00:00";
"2018-02-10 23:00:00";
"2018-02-11 23:00:00";
"2018-02-12 23:00:00";
"2018-02-13 23:00:00";
"2018-02-14 23:00:00";
"2018-02-15 23:00:00";
"2018-02-16 23:00:00";
"2018-02-17 23:00:00";
"2018-02-18 23:00:00";
"2018-02-19 23:00:00";
"2018-02-20 23:00:00";
"2018-02-21 23:00:00";
"2018-02-22 23:00:00";
"2018-02-23 23:00:00";
"2018-02-24 23:00:00";
"2018-02-25 23:00:00";
"2018-02-26 23:00:00";
"2018-02-27 23:00:00";
"2018-02-28 23:00:00";
"2018-03-01 23:00:00";
"2018-03-02 23:00:00";
"2018-03-03 23:00:00";
"2018-03-04 23:00:00";
"2018-03-05 23:00:00";
"2018-03-06 23:00:00";
"2018-03-07 23:00:00";42.084243369735
"2018-03-08 23:00:00";59.358136300417
"2018-03-09 23:00:00";82.831944444444
"2018-03-10 23:00:00";55.469770674079
"2018-03-11 23:00:00";11.460041695622
"2018-03-12 23:00:00";14.771527777778
"2018-03-13 23:00:00";46.367616400278
"2018-03-14 23:00:00";34.629603891591
"2018-03-15 23:00:00";31.778472222222
"2018-03-16 23:00:00";13.264255910987
"2018-03-17 23:00:00";8.6381944444444
"2018-03-18 23:00:00";18.198054204309
"2018-03-19 23:00:00";42.77275886032
"2018-03-20 23:00:00";48.476719944406
"2018-03-21 23:00:00";48.452397498263
"2018-03-22 23:00:00";98.465277777778
"2018-03-23 23:00:00";71.825694444444
"2018-03-24 23:00:00";69.655072463768
"2018-03-25 22:00:00";69.097289784573
"2018-03-26 22:00:00";64.750521195275
"2018-03-27 22:00:00";36.963863794302
"2018-03-28 22:00:00";47.681723419041
"2018-03-29 22:00:00";45.91875
"2018-03-30 22:00:00";25.890896455872
"2018-03-31 22:00:00";32.823488533704
"2018-04-01 22:00:00";24.738194444444
"2018-04-02 22:00:00";34.189583333333
"2018-04-03 22:00:00";24.839471855455
"2018-04-04 22:00:00";20.603472222222
"2018-04-05 22:00:00";20.523280055594
"2018-04-06 22:00:00";31.813759555247
"2018-04-07 22:00:00";24.719249478805
"2018-04-08 22:00:00";14.352083333333
"2018-04-09 22:00:00";25.664350243224
"2018-04-10 22:00:00";22.647916666667
"2018-04-11 22:00:00";26.036111111111
"2018-04-12 22:00:00";30.834027777778
"2018-04-13 22:00:00";15.320833333333
"2018-04-14 22:00:00";15.947185545518
"2018-04-15 22:00:00";17.813888888889
"2018-04-16 22:00:00";23.859624739402
"2018-04-17 22:00:00";22.197916666667
"2018-04-18 22:00:00";19.254861111111
"2018-04-19 22:00:00";7.3472222222222
"2018-04-20 22:00:00";15.589298123697
"2018-04-21 22:00:00";7.2189020152884
"2018-04-22 22:00:00";13.104166666667
"2018-04-23 22:00:00";25.864489228631
"2018-04-24 22:00:00";17.455177206393
"2018-04-25 22:00:00";11.060416666667
"2018-04-26 22:00:00";14.525
"2018-04-27 22:00:00";15.55872133426
"2018-04-28 22:00:00";19.449305555556
"2018-04-29 22:00:00";16.362056984017
"2018-04-30 22:00:00";10.281445448228
"2018-05-01 22:00:00";16.198749131341
"2018-05-02 22:00:00";16.657400972898
"2018-05-03 22:00:00";14.100069492703
"2018-05-04 22:00:00";6.4486111111111
"2018-05-05 22:00:00";3.6657400972898
"2018-05-06 22:00:00";6.0785267546908
"2018-05-07 22:00:00";9.6045865184156
"2018-05-08 22:00:00";12.835997220292
"2018-05-09 22:00:00";11.330090340514
"2018-05-10 22:00:00";10.916666666667
"2018-05-11 22:00:00";11.785416666667
"2018-05-12 22:00:00";9.3618055555556
"2018-05-13 22:00:00";9.3493055555556
"2018-05-14 22:00:00";15.186111111111
"2018-05-15 22:00:00";19.420833333333
"2018-05-16 22:00:00";13.4375
"2018-05-17 22:00:00";24.419735927728
"2018-05-18 22:00:00";18.252083333333
"2018-05-19 22:00:00";9.9270833333333
"2018-05-20 22:00:00";6.0993745656706
"2018-05-21 22:00:00";9.2404447533009
"2018-05-22 22:00:00";15.979847116053
"2018-05-23 22:00:00";8.3585823488534
"2018-05-24 22:00:00";7.6095717884131
"2018-05-25 22:00:00";
"2018-05-26 22:00:00";
"2018-05-27 22:00:00";
"2018-05-28 22:00:00";
"2018-05-29 22:00:00";
"2018-05-30 22:00:00";
"2018-05-31 22:00:00";
"2018-06-01 22:00:00";
"2018-06-02 22:00:00";
"2018-06-03 22:00:00";
"2018-06-04 22:00:00";
"2018-06-05 22:00:00";
"2018-06-06 22:00:00";
"2018-06-07 22:00:00";
"2018-06-08 22:00:00";
"2018-06-09 22:00:00";
"2018-06-10 22:00:00";
"2018-06-11 22:00:00";
"2018-06-12 22:00:00";
"2018-06-13 22:00:00";
"2018-06-14 22:00:00";
"2018-06-15 22:00:00";
"2018-06-16 22:00:00";
"2018-06-17 22:00:00";
"2018-06-18 22:00:00";
"2018-06-19 22:00:00";
"2018-06-20 22:00:00";
"2018-06-21 22:00:00";
"2018-06-22 22:00:00";
"2018-06-23 22:00:00";
"2018-06-24 22:00:00";7
"2018-06-25 22:00:00";4.7507042253521
"2018-06-26 22:00:00";7.7859624739402
"2018-06-27 22:00:00";13.167477414871
"2018-06-28 22:00:00";14.617790132036
"2018-06-29 22:00:00";3.4683808200139
"2018-06-30 22:00:00";2.1292564280751
"2018-07-01 22:00:00";4.5520833333333
"2018-07-02 22:00:00";7.8743055555556
"2018-07-03 22:00:00";8.8617095205003
"2018-07-04 22:00:00";11.996527777778
"2018-07-05 22:00:00";20.347552447552
"2018-07-06 22:00:00";11.364141765115
"2018-07-07 22:00:00";8.3802816901408
"2018-07-08 22:00:00";
"2018-07-09 22:00:00";
"2018-07-10 22:00:00";18.616993464052
"2018-07-11 22:00:00";10.318276580959
"2018-07-12 22:00:00";7.6928422515636
"2018-07-13 22:00:00";10.778318276581
"2018-07-14 22:00:00";11.476719944406
"2018-07-15 22:00:00";12.87977762335
"2018-07-16 22:00:00";14.95
"2018-07-17 22:00:00";8.5740097289785
"2018-07-18 22:00:00";12.88255733148
"2018-07-19 22:00:00";20.637943015983
"2018-07-20 22:00:00";23.254343293954
"2018-07-21 22:00:00";26.351388888889
"2018-07-22 22:00:00";19.824061196106
"2018-07-23 22:00:00";14.303683113273
"2018-07-24 22:00:00";12.231944444444
"2018-07-25 22:00:00";9.1744266851981
"2018-07-26 22:00:00";11.773611111111
"2018-07-27 22:00:00";14.317919075145
"2018-07-28 22:00:00";18.122377622378
"2018-07-29 22:00:00";12.765809589993
"2018-07-30 22:00:00";12.072272411397
"2018-07-31 22:00:00";15.563585823489
"2018-08-01 22:00:00";16.122307157748
"2018-08-02 22:00:00";15.81723419041
"2018-08-03 22:00:00";18.84489228631
"2018-08-04 22:00:00";21.08255733148
"2018-08-05 22:00:00";6.4300903405142
"2018-08-06 22:00:00";6.7344444444444
"2018-08-07 22:00:00";15.022674865488
"2018-08-08 22:00:00";18.964027777778
"2018-08-11 22:00:00";10.112162162162
"2018-08-12 22:00:00";12.224669909659
"2018-08-13 22:00:00";19.209520500347
"2018-08-14 22:00:00";9.7798471160528
"2018-08-15 22:00:00";9.8894371091035
"2018-08-16 22:00:00";18.653161917999
"2018-08-17 22:00:00";24.354950115119
"2018-08-23 22:00:00";20.171469740634
"2018-08-24 22:00:00";17.971041666667
"2018-08-25 22:00:00";6.84829742877
"2018-08-26 22:00:00";8.7849200833913
"2018-08-27 22:00:00";14.560736622655
"2018-08-28 22:00:00";16.506184850591
"2018-08-29 22:00:00";19.611466296039
"2018-08-30 22:00:00";18.793537178596
"2018-08-31 22:00:00";23.844822793607
"2018-09-01 22:00:00";26.648055555556
"2018-09-02 22:00:00";21.250069541029
"2018-09-03 22:00:00";17.706254343294
"2018-09-04 22:00:00";19.443293954135
"2018-09-05 22:00:00";17.494023627519
"2018-09-09 22:00:00";13.46480218281
"2018-09-10 22:00:00";22.233981931897
"2018-09-11 22:00:00";14.293884642113
"2018-09-12 22:00:00";23.121349095967
"2018-09-13 22:00:00";26.257708333333
"2018-09-14 22:00:00";8.2113968033356
"2018-09-15 22:00:00";15.294718554552
"2018-09-16 22:00:00";15.220986796386
"2018-09-17 22:00:00";19.898054204309
"2018-09-18 22:00:00";21.752638888889
"2018-09-19 22:00:00";28.277222222222
"2018-09-20 22:00:00";29.412083333333
"2018-09-21 22:00:00";9.7897222222222
"2018-09-22 22:00:00";5.8990271021543
"2018-09-23 22:00:00";2.1075052119527
"2018-09-24 22:00:00";7.0826268241835
"2018-09-25 22:00:00";18.281736111111
"2018-09-26 22:00:00";9.9621433542102
"2018-09-27 22:00:00";17.143055555556
"2018-09-28 22:00:00";9.8030576789437
"2018-09-29 22:00:00";32.104169562196
"2018-09-30 22:00:00";35.695486111111
"2018-10-01 22:00:00";19.220902777778
"2018-10-02 22:00:00";5.619375
"2018-10-03 22:00:00";11.619805420431
"2018-10-04 22:00:00";34.911605281445
"2018-10-05 22:00:00";29.119805420431
"2018-10-06 22:00:00";31.527380125087
"2018-10-07 22:00:00";9.3174491392801
"2018-10-09 22:00:00";37.032555425904
"2018-10-10 22:00:00";49.784513888889
"2018-10-11 22:00:00";41.07936066713
"2018-10-12 22:00:00";58.916678248784
"2018-10-13 22:00:00";54.653055555556
"2018-10-14 22:00:00";37.427430555555
"2018-10-15 22:00:00";49.288325225851
"2018-10-16 22:00:00";58.84510076442
"2018-10-17 22:00:00";83.032800555942
"2018-10-18 22:00:00";103.39868055556
"2018-10-19 22:00:00";45.508030431107
"2018-10-20 22:00:00";22.421820708826
"2018-10-21 22:00:00";56.859236111111
"2018-10-22 22:00:00";16.546736111111
"2018-10-23 22:00:00";2.8832522585129
"2018-10-24 22:00:00";9.7721334259903
"2018-10-25 22:00:00";14.640486111111
"2018-10-26 22:00:00";47.099861014593
"2018-10-27 22:00:00";16.138933333333
"2018-10-28 23:00:00";24.361848505907
"2018-10-29 23:00:00";6.4163307852675
"2018-10-30 23:00:00";14.261848505907
"2018-10-31 23:00:00";27.605486111111
"2018-11-01 23:00:00";19.09617790132
"2018-11-02 23:00:00";37.261084086171
"2018-11-03 23:00:00";20.346838082001
"2018-11-04 23:00:00";37.350243224461
"2018-11-05 23:00:00";42.757887421821
"2018-11-06 23:00:00";62.36851980542
"2018-11-07 23:00:00";71.554652777778
"2018-11-08 23:00:00";96.175972222222
"2018-11-09 23:00:00";102.13627519111
"2018-11-10 23:00:00";85.050382209868
"2018-11-11 23:00:00";88.304030576789
"2018-11-12 23:00:00";71.866921473245
"2018-11-13 23:00:00";17.97625
"2018-11-14 23:00:00";20.423419041001
"2018-11-15 23:00:00";16.260208333333
"2018-11-16 23:00:00";29.812361111111
"2018-11-17 23:00:00";50.841736111111
"2018-11-18 23:00:00";33.218554551772
"2018-11-19 23:00:00";39.014791666667
"2018-11-20 23:00:00";28.828492008339
"2018-11-21 23:00:00";37.428839471855
"2018-11-22 23:00:00";55.096664350243
"2018-11-23 23:00:00";56.343710910354
"2018-11-24 23:00:00";56.167338429465
"2018-11-25 23:00:00";24.004236111111
"2018-11-26 23:00:00";19.397638888889
"2018-11-27 23:00:00";34.736041666667
"2018-11-28 23:00:00";33.173801250869
"2018-11-29 23:00:00";28.49659485754
"2018-11-30 23:00:00";69.908964558721
"2018-12-01 23:00:00";75.102015288395
"2018-12-02 23:00:00";40.899583333333
"2018-12-03 23:00:00";34.498680555556
"2018-12-04 23:00:00";35.65
"2018-12-05 23:00:00";66.702152777778
"2018-12-06 23:00:00";46.028005559416
"2018-12-07 23:00:00";24.428402777778
"2018-12-08 23:00:00";5.8608333333333
"2018-12-09 23:00:00";11.546073662265
"2018-12-10 23:00:00";23.670535093815
"2018-12-11 23:00:00";33.205628908965
"2018-12-12 23:00:00";60.353717859625
"2018-12-13 23:00:00";32.51382904795
"2018-12-14 23:00:00";20.919735927728
"2018-12-15 23:00:00";53.598818624044
"2018-12-16 23:00:00";133.36031966643
"2018-12-17 23:00:00";101.68736111111
"2018-12-18 23:00:00";66.626923076923
"2018-12-19 23:00:00";86.712152777778
"2018-12-20 23:00:00";62.381306462821
"2018-12-21 23:00:00";9.853125
"2018-12-22 23:00:00";22.290833333333
"2018-12-23 23:00:00";11.405628908965
"2018-12-24 23:00:00";23.350486111111
"2018-12-25 23:00:00";25.289444444444
"2018-12-26 23:00:00";23.923141070188
"2018-12-27 23:00:00";26.691666666667
"2018-12-28 23:00:00";21.7425
"2018-12-29 23:00:00";19.700486448923
"2018-12-30 23:00:00";16.833958333333
"2018-12-31 23:00:00";21.76375
"2019-01-01 23:00:00";7.1744444444444
"2019-01-02 23:00:00";8.9470833333333
"2019-01-03 23:00:00";26.106041666667
"2019-01-04 23:00:00";15.644544822794
"2019-01-05 23:00:00";9.7427380125087
"2019-01-06 23:00:00";43.735927727589
"2019-01-07 23:00:00";54.084016678249
"2019-01-08 23:00:00";39.417236566643
"2019-01-09 23:00:00";73.564836692147
"2019-01-10 23:00:00";62.882916666667
"2019-01-11 23:00:00";28.473731758165
"2019-01-12 23:00:00";9.2646282140375
"2019-01-13 23:00:00";6.16375
"2019-01-14 23:00:00";14.090757470466
"2019-01-15 23:00:00";19.755045233125
"2019-01-16 23:00:00";26.99277275886
"2019-01-17 23:00:00";11.227936066713
"2019-01-18 23:00:00";43.255486111111
"2019-01-19 23:00:00";107.99458333333
"2019-01-20 23:00:00";121.7748603352
"2019-01-21 23:00:00";99.703474635164
"2019-01-22 23:00:00";37.090138888889
"2019-01-23 23:00:00";25.617777777778
"2019-01-24 23:00:00";46.306258692629
"2019-01-25 23:00:00";51.390704500978
"2019-01-26 23:00:00";40.851091703057
"2019-01-27 23:00:00";69.366712995136
"2019-01-28 23:00:00";23.608686587908
"2019-01-29 23:00:00";36.800486448923
"2019-01-30 23:00:00";80.236692147325
"2019-01-31 23:00:00";67.922430555556
"2019-02-01 23:00:00";16.05149409312
"2019-02-02 23:00:00";49.527032661571
"2019-02-03 23:00:00";22.79701181376
"2019-02-04 23:00:00";38.307152777778
"2019-02-05 23:00:00";45.679535232384
"2019-02-06 23:00:00";77.092216817234
"2019-02-07 23:00:00";65.198011782032
"2019-02-08 23:00:00";44
"2019-02-09 23:00:00";10.846381093058
"2019-02-10 23:00:00";10.156914523975
"2019-02-11 23:00:00";9.9602777777778
"2019-02-12 23:00:00";26.749583333333
"2019-02-13 23:00:00";36.216678248784
"2019-02-14 23:00:00";42.208547602502
"2019-02-15 23:00:00";70.436597222222
"2019-02-16 23:00:00";83.959513888889
"2019-02-17 23:00:00";103.69986101459
"2019-02-18 23:00:00";96.915635858235
"2019-02-19 23:00:00";40.932248219735
"2019-02-20 23:00:00";31.075972222222
"2019-02-21 23:00:00";9.7288888888889
"2019-02-22 23:00:00";14.464141765115
"2019-02-23 23:00:00";59.380347222222
"2019-02-24 23:00:00";50.350521195275
"2019-02-25 23:00:00";32.595830437804
"2019-02-26 23:00:00";39.790347222222
"2019-02-27 23:00:00";32.942876997915
"2019-02-28 23:00:00";47.174009728979
"2019-03-01 23:00:00";28.865392633773
"2019-03-02 23:00:00";38.417916666667
"2019-03-03 23:00:00";7.4209173036831
"2019-03-04 23:00:00";6.5551772063933
"2019-03-05 23:00:00";17.731666666667
"2019-03-06 23:00:00";17.170208333333
"2019-03-07 23:00:00";7.2160312805474
"2019-03-08 23:00:00";7.0263377345379
"2019-03-09 23:00:00";3.7511805555556
"2019-03-10 23:00:00";8.0525694444444
"2019-03-11 23:00:00";15.324739402363
"2019-03-12 23:00:00";10.388055555556
"2019-03-13 23:00:00";7.9204166666667
"2019-03-14 23:00:00";5.6161111111111
"2019-03-15 23:00:00";7.2088950660181
"2019-03-16 23:00:00";14.581792911744
"2019-03-17 23:00:00";12.837109103544
"2019-03-18 23:00:00";25.628630993746
"2019-03-19 23:00:00";64.977083333333
"2019-03-20 23:00:00";71.072202918694
"2019-03-21 23:00:00";61.636900625434
"2019-03-22 23:00:00";43.485808339429
"2019-03-23 23:00:00";22.063819691578
"2019-03-24 23:00:00";17.501182197497
"2019-03-25 23:00:00";16.251424600417
"2019-03-26 23:00:00";22.257470465601
"2019-03-27 23:00:00";47.136970118138
"2019-03-28 23:00:00";63.969583333333
"2019-03-29 23:00:00";67.941666666667
"2019-03-30 23:00:00";40.826250906454
"2019-03-31 22:00:00";5.2764583333333
"2019-04-01 22:00:00";12.953055555556
"2019-04-02 22:00:00";23.850799166088
"2019-04-03 22:00:00";27.702710215427
"2019-04-04 22:00:00";27.655038220987
"2019-04-05 22:00:00";33.682070882557
"2019-04-06 22:00:00";25.417083333333
"2019-04-07 22:00:00";36.814166666667
"2019-04-08 22:00:00";35.70201809325
"2019-04-09 22:00:00";20.191174426685
"2019-04-10 22:00:00";24.018263888889
"2019-04-11 22:00:00";20.477345378735
"2019-04-12 22:00:00";32.908547602502
"2019-04-13 22:00:00";23.670127504554
"2019-04-14 22:00:00";14.222376650452
"2019-04-15 22:00:00";20.647741487144
"2019-04-16 22:00:00";21.696664350243
"2019-04-17 22:00:00";29.549513888889
"2019-04-18 22:00:00";33.527519110493
"2019-04-19 22:00:00";23.329603891591
"2019-04-20 22:00:00";15.708130646282
"2019-04-21 22:00:00";15.653161917999
"2019-04-22 22:00:00";12.271736111111
"2019-04-23 22:00:00";11.463680555556
"2019-04-24 22:00:00";12.320486111111
"2019-04-25 22:00:00";11.123349548297
"2019-04-26 22:00:00";13.749652777778
"2019-04-27 22:00:00";21.254930555556
"2019-04-28 22:00:00";9.7719944405837
"2019-04-29 22:00:00";11.12362751911
"2019-04-30 22:00:00";16.558165392634
"2019-05-01 22:00:00";18.699513551077
"2019-05-02 22:00:00";22.351841556637
"2019-05-03 22:00:00";15.687004864489
"2019-05-04 22:00:00";10.591319444444
"2019-05-05 22:00:00";7.093125
"2019-05-06 22:00:00";10.901527777778
"2019-05-07 22:00:00";21.676094510076
"2019-05-08 22:00:00";18.740779401531
"2019-05-09 22:00:00";14.802293259208
"2019-05-10 22:00:00";11.724808895066
"2019-05-11 22:00:00";20.297428769979
"2019-05-12 22:00:00";4.7687977762335
"2019-05-13 22:00:00";5.5400972897846
"2019-05-14 22:00:00";5.796872828353
"2019-05-15 22:00:00";12.799096594858
"2019-05-16 22:00:00";20.555177206393
"2019-05-17 22:00:00";12.446073662265
"2019-05-18 22:00:00";10.519735927728
"2019-05-19 22:00:00";9.17705078125
"2019-05-20 22:00:00";7.9252258512856
"2019-05-21 22:00:00";6.6565670604587
"2019-05-22 22:00:00";4.4318117977528
"2019-05-23 22:00:00";17.535004557885
"2019-05-24 22:00:00";13.930159833217
"2019-05-25 22:00:00";24.387213342599
"2019-05-26 22:00:00";14.99339819319
"2019-05-27 22:00:00";10.041111111111
"2019-05-28 22:00:00";7.9552466990966
"2019-05-29 22:00:00";7.2600694444444
"2019-05-30 22:00:00";13.932291666667
"2019-05-31 22:00:00";13.111883252259
"2019-06-01 22:00:00";11.328561501042
"2019-06-02 22:00:00";6.3779166666667
"2019-06-03 22:00:00";8.5440972222222
"2019-06-04 22:00:00";10.036319444444
"2019-06-05 22:00:00";10.362682418346
"2019-06-06 22:00:00";13.210833333333
"2019-06-07 22:00:00";14.013273106324
"2019-06-08 22:00:00";6.7144544822794
"2019-06-09 22:00:00";15.500208333333
"2019-06-10 22:00:00";14.998262682418
"2019-06-11 22:00:00";11.916191799861
"2019-06-12 22:00:00";14.250868658791
"2019-06-13 22:00:00";19.158136300417
"2019-06-14 22:00:00";22.104586518416
"2019-06-15 22:00:00";11.852605976372
"2019-06-16 22:00:00";6.4955555555555
"2019-06-17 22:00:00";11.422986111111
"2019-06-18 22:00:00";13.869166666667
"2019-06-19 22:00:00";11.270257123002
"2019-06-20 22:00:00";13.134746351633
"2019-06-21 22:00:00";12.998610145935
"2019-06-22 22:00:00";4.1553856845031
"2019-06-23 22:00:00";6.0288394718555
"2019-06-24 22:00:00";15.397508038585
"2019-06-25 22:00:00";15.998127753304
"2019-06-26 22:00:00";12.028611111111
"2019-06-27 22:00:00";6.9454482279361
"2019-06-28 22:00:00";5.98
"2019-06-29 22:00:00";10.853958333333
"2019-06-30 22:00:00";10.476928422516
"2019-07-01 22:00:00";9.7335416666667
"2019-07-02 22:00:00";3.9399305555556
"2019-07-03 22:00:00";5.7253648366922
"2019-07-04 22:00:00";7.2465601111883
"2019-07-05 22:00:00";7.8468380820014
"2019-07-06 22:00:00";9.8751216122307
"2019-07-07 22:00:00";3.4378040305768
"2019-07-08 22:00:00";5.3774813233725
"2019-07-09 22:00:00";4.7196682464455
"2019-07-10 22:00:00";7.4989568845619
"2019-07-11 22:00:00";7.1280555555556
"2019-07-12 22:00:00";13.902291666667
"2019-07-13 22:00:00";9.6693537178596
"2019-07-14 22:00:00";7.3535515320334
"2019-07-15 22:00:00";11.504583333333
"2019-07-16 22:00:00";7.4421820708826
"2019-07-17 22:00:00";7.3737317581654
"2019-07-18 22:00:00";12.172752043597
"2019-07-20 22:00:00";7.7228533685601
"2019-07-21 22:00:00";11.546282140375
"2019-07-22 22:00:00";11.832592077832
"2019-07-23 22:00:00";14.702154273801
"2019-07-24 22:00:00";8.8078526754691
"2019-07-25 22:00:00";11.876025017373
"2019-07-26 22:00:00";12.125475017593
"2019-07-27 22:00:00";11.776
"2019-07-28 22:00:00";12.669840166783
"2019-07-29 22:00:00";19.099027777778
"2019-07-30 22:00:00";24.340486111111
"2019-07-31 22:00:00";16.354273801251
"2019-08-01 22:00:00";9.0670138888889
"2019-08-02 22:00:00";7.5513194444444
"2019-08-03 22:00:00";7.5034722222222
"2019-08-04 22:00:00";8.1420833333333
"2019-08-05 22:00:00";9.4653926337735
"2019-08-06 22:00:00";10.733217512161
"2019-08-07 22:00:00";8.0036136205698
"2019-08-08 22:00:00";8.8477414871438
"2019-08-09 22:00:00";7.8120917303683
"2019-08-10 22:00:00";2.4286111111111
"2019-08-11 22:00:00";9.2584433634468
"2019-08-12 22:00:00";4.7250868658791
"2019-08-13 22:00:00";3.3555640243902
"2019-08-14 22:00:00";4.8792497069168
"2019-08-15 22:00:00";8.8883252258513
"2019-08-16 22:00:00";9.1471855455177
"2019-08-17 22:00:00";8.1690757470466
"2019-08-18 22:00:00";7.5770942408377
"2019-08-19 22:00:00";7.2673384294649
"2019-08-20 22:00:00";9.5990277777778
"2019-08-21 22:00:00";6.884375
"2019-08-22 22:00:00";11.783043780403
"2019-08-23 22:00:00";11.582083333333
"2019-08-24 22:00:00";15.138263888889
"2019-08-25 22:00:00";17.676965901183
"2019-08-26 22:00:00";21.955802640723
"2019-08-27 22:00:00";16.845478723404
"2019-08-28 22:00:00";17.199513888889
"2019-08-29 22:00:00";18.588325225851
"2019-08-30 22:00:00";15.059277275886
"2019-08-31 22:00:00";17.168402777778
"2019-09-01 22:00:00";12.679221681723
"2019-09-02 22:00:00";6.630625
"2019-09-03 22:00:00";7.541765114663
"2019-09-04 22:00:00";6.9836805555556
"2019-09-05 22:00:00";3.0564975677554
"2019-09-06 22:00:00";12.734954829743
"2019-09-07 22:00:00";8.9886111111111
"2019-09-08 22:00:00";14.391962616822
"2019-09-09 22:00:00";4.0932415519399
"2019-09-10 22:00:00";8.4109027777778
"2019-09-11 22:00:00";13.154431699687
"2019-09-15 22:00:00";7.6563614744352
"2019-09-16 22:00:00";6.1186111111111
"2019-09-17 22:00:00";3.0840277777778
"2019-09-18 22:00:00";7.4841556636553
"2019-09-19 22:00:00";14.877361111111
"2019-09-20 22:00:00";18.931736111111
"2019-09-21 22:00:00";21.901667824878
"2019-09-22 22:00:00";19.630159833218
"2019-09-23 22:00:00";33.222708333333
"2019-09-24 22:00:00";43.477222222222
"2019-09-25 22:00:00";13.693333333333
"2019-09-26 22:00:00";14.020486111111
"2019-09-27 22:00:00";7.844127866574
"2019-09-28 22:00:00";6.5306944444444
"2019-09-29 22:00:00";2.6204481792717
"2019-09-30 22:00:00";3.1929068150209
"2019-10-01 22:00:00";9.4896140350877
"2019-10-02 22:00:00";9.7746065808298
"2019-10-03 22:00:00";17.01362056984
"2019-10-04 22:00:00";14.408194444444
"2019-10-05 22:00:00";12.81000694927
"2019-10-06 22:00:00";21.007435719249
"2019-10-07 22:00:00";33.875277777778
"2019-10-08 22:00:00";14.857261987491
"2019-10-09 22:00:00";4.161875
"2019-10-10 22:00:00";5.913064628214
"2019-10-11 22:00:00";10.386726893676
"2019-10-12 22:00:00";22.990410006949
"2019-10-13 22:00:00";32.014722222222
"2019-10-14 22:00:00";30.656845031272
"2019-10-15 22:00:00";17.041626129256
"2019-10-16 22:00:00";14.102918693537
"2019-10-17 22:00:00";30.485823488534
"2019-10-18 22:00:00";42.090548992356
"2019-10-19 22:00:00";28.938161559889
"2019-10-20 22:00:00";20.386111111111
"2019-10-21 22:00:00";39.228888888889
"2019-10-22 22:00:00";58.547394023628
"2019-10-23 22:00:00";52.930090340514
"2019-10-24 22:00:00";50.125434329395
"2019-10-25 22:00:00";57.496736111111
"2019-10-26 22:00:00";52.9476
"2019-10-27 23:00:00";22.9675
"2019-10-28 23:00:00";56.911396803336
"2019-10-29 23:00:00";18.833148019458
"2019-10-30 23:00:00";61.537734537873
"2019-10-31 23:00:00";67.398194444444
"2019-11-01 23:00:00";45.118902015288
"2019-11-02 23:00:00";20.651388888889
"2019-11-03 23:00:00";14.931666666667
"2019-11-04 23:00:00";18.826944444444
"2019-11-05 23:00:00";33.582209867964
"2019-11-06 23:00:00";41.133981931897
"2019-11-07 23:00:00";40.122793606671
"2019-11-08 23:00:00";35.933703961084
"2019-11-09 23:00:00";21.588950660181
"2019-11-10 23:00:00";24.264583333333
"2019-11-11 23:00:00";18.199375
"2019-11-12 23:00:00";26.613898540653
"2019-11-13 23:00:00";19.551355107714
"2019-11-14 23:00:00";33.474774148714
"2019-11-15 23:00:00";34.063611111111
"2019-11-16 23:00:00";26.587986111111
"2019-11-17 23:00:00";22.810701876303
"2019-11-18 23:00:00";30.771319444444
"2019-11-19 23:00:00";38.274357192495
"2019-11-20 23:00:00";18.487004864489
"2019-11-21 23:00:00";16.090416666667
"2019-11-22 23:00:00";33.284930555556
"2019-11-23 23:00:00";36.685128561501
"2019-11-24 23:00:00";37.086865879083
"2019-11-25 23:00:00";42.888055555556
"2019-11-26 23:00:00";43.274982626824
"2019-11-27 23:00:00";83.099652536484
"2019-11-28 23:00:00";11.655872133426
"2019-11-29 23:00:00";21.357430555556
"2019-11-30 23:00:00";49.50660180681
"2019-12-01 23:00:00";56.918541666667
"2019-12-02 23:00:00";34.571369006254
"2019-12-03 23:00:00";83.523611111111
"2019-12-04 23:00:00";92.873036831133
"2019-12-05 23:00:00";45.474027777778
"2019-12-06 23:00:00";32.384097222222
"2019-12-07 23:00:00";10.276666666667
"2019-12-08 23:00:00";22.232592077832
"2019-12-09 23:00:00";27.513898540653
"2019-12-10 23:00:00";37.52466990966
"2019-12-11 23:00:00";85.570347222222
"2019-12-12 23:00:00";41.899861014593
"2019-12-13 23:00:00";11.221403752606
"2019-12-14 23:00:00";8.6626824183461
"2019-12-15 23:00:00";39.385892981237
"2019-12-16 23:00:00";117.94120917304
"2019-12-17 23:00:00";97.759138290479
"2019-12-18 23:00:00";86.236458333333
"2019-12-19 23:00:00";37.876650451703
"2019-12-20 23:00:00";15.637387074357
"2019-12-21 23:00:00";27.386875
"2019-12-22 23:00:00";31.053648366922
"2019-12-23 23:00:00";15.839541348158
"2019-12-24 23:00:00";34.593537178596
"2019-12-25 23:00:00";16.992842251564
"2019-12-26 23:00:00";14.459068797776
"2019-12-27 23:00:00";8.0924305555556
"2019-12-28 23:00:00";13.466527777778
"2019-12-29 23:00:00";41.177970813065
"2019-12-30 23:00:00";19.98637943016
"2019-12-31 23:00:00";21.263888888889
"2020-01-01 23:00:00";67.252675469076
"2020-01-02 23:00:00";111.94704656011
"2020-01-03 23:00:00";11.14788047255
"2020-01-04 23:00:00";13.404100069493
"2020-01-05 23:00:00";56.568033356498
"2020-01-06 23:00:00";62.2340514246
"2020-01-07 23:00:00";50.076997915219
"2020-01-08 23:00:00";43.253717859625
"2020-01-09 23:00:00";62.628492008339
"2020-01-10 23:00:00";25.535902777778
"2020-01-11 23:00:00";26.596875
"2020-01-12 23:00:00";37.126268241835
"2020-01-13 23:00:00";103.110625
"2020-01-14 23:00:00";86.462152777778
"2020-01-15 23:00:00";97.761779013204
"2020-01-16 23:00:00";86.812925642807
"2020-01-17 23:00:00";78.391660875608
"2020-01-18 23:00:00";54.553161917999
"2020-01-19 23:00:00";32.754097222222
"2020-01-20 23:00:00";33.077136900625
"2020-01-21 23:00:00";37.759791666667
"2020-01-22 23:00:00";35.341973592773
"2020-01-23 23:00:00";85.335232800556
"2020-01-24 23:00:00";54.491660875608
"2020-01-25 23:00:00";69.972430555556
"2020-01-26 23:00:00";95.1025
"2020-01-27 23:00:00";90.911257817929
"2020-01-28 23:00:00";9.6163307852675
"2020-01-29 23:00:00";11.713759555247
"2020-01-30 23:00:00";14.697916666667
"2020-01-31 23:00:00";9.3908269631689
"2020-02-01 23:00:00";5.2383599722029
"2020-02-02 23:00:00";13.080681028492
"2020-02-03 23:00:00";8.0281445448228
"2020-02-04 23:00:00";8.5102849200834
"2020-02-05 23:00:00";36.768102849201
"2020-02-06 23:00:00";18.889444444444
"2020-02-07 23:00:00";50.456011118833
"2020-02-08 23:00:00";89.508408617095
"2020-02-09 23:00:00";12.080472550382
"2020-02-10 23:00:00";4.2536805555556
"2020-02-11 23:00:00";4.9081944444444
"2020-02-12 23:00:00";12.290618485059
"2020-02-13 23:00:00";19.993472222222
"2020-02-14 23:00:00";31.63625
"2020-02-15 23:00:00";51.22
"2020-02-16 23:00:00";29.558680555556
"2020-02-17 23:00:00";14.153439888812
"2020-02-18 23:00:00";11.654482279361
"2020-02-19 23:00:00";24.924669909659
"2020-02-23 23:00:00";9.9097222222222
"2020-02-26 23:00:00";18.232175121612
"2020-02-27 23:00:00";32.831341209173
"2020-02-28 23:00:00";16.318971507992
"2020-02-29 23:00:00";14.951146629604
"2020-03-01 23:00:00";22.726597222222
"2020-03-02 23:00:00";20.01220362622
"2020-03-03 23:00:00";21.495435092725
"2020-03-04 23:00:00";55.894371091035
"2020-03-05 23:00:00";28.899166087561
"2020-03-06 23:00:00";17.979291174427
"2020-03-07 23:00:00";34.190416666667
"2020-03-08 23:00:00";67.508035714286
"2020-03-10 23:00:00";9.1835180055402
"2020-03-11 23:00:00";12.593537178596
"2020-03-12 23:00:00";7.1960416666667
"2020-03-13 23:00:00";10.612161223072
"2020-03-14 23:00:00";20.078263888889
"2020-03-15 23:00:00";29.55830437804
"2020-03-16 23:00:00";42.966296038916
"2020-03-17 23:00:00";68.197986111111
"2020-03-18 23:00:00";65.828472222222
"2020-03-19 23:00:00";33.652953439889
"2020-03-20 23:00:00";9.5633078526755
"2020-03-21 23:00:00";8.4774148714385
"2020-03-22 23:00:00";13.993125
"2020-03-23 23:00:00";13.800277970813
"2020-03-24 23:00:00";16.25128561501
"2020-03-25 23:00:00";24.369097222222
"2020-03-26 23:00:00";30.922932592078
"2020-03-27 23:00:00";51.374444444444
"2020-03-28 23:00:00";76.762826086956
"2020-03-29 22:00:00";8.3918693537179
"2020-03-30 22:00:00";46.676441973593
"2020-03-31 22:00:00";52.786448922863
"2020-04-01 22:00:00";49.710763888889
"2020-04-02 22:00:00";30.453125
"2020-04-03 22:00:00";32.383402777778
"2020-04-04 22:00:00";30.731827658096
"2020-04-05 22:00:00";23.801528839472
"2020-04-06 22:00:00";34.721875
"2020-04-07 22:00:00";36.962986111111
"2020-04-08 22:00:00";37.492152777778
"2020-04-09 22:00:00";10.71403752606
"2020-04-10 22:00:00";27.061458333333
"2020-04-11 22:00:00";15.986944444444
"2020-04-12 22:00:00";18.835208333333
"2020-04-13 22:00:00";5.841000694927
"2020-04-14 22:00:00";14.950138888889
"2020-04-15 22:00:00";14.806944444444
"2020-04-16 22:00:00";17.194788047255
"2020-04-17 22:00:00";9.4225851285615
"2020-04-18 22:00:00";7.3181375955525
"2020-04-19 22:00:00";9.4176511466296
"2020-04-20 22:00:00";16.818624044475
"2020-04-21 22:00:00";15.236761640028
"2020-04-22 22:00:00";19.219388464211
"2020-04-23 22:00:00";24.243263888889
"2020-04-24 22:00:00";15.4175
"2020-04-25 22:00:00";9.7759027777778
"2020-04-26 22:00:00";20.733773453787
"2020-04-27 22:00:00";18.087083333333
"2020-04-28 22:00:00";20.528561501042
"2020-04-29 22:00:00";27.128422515636
"2020-04-30 22:00:00";19.652569444444
"2020-05-01 22:00:00";13.782904794997
"2020-05-02 22:00:00";13.839236111111
"2020-05-03 22:00:00";23.25892981237
"2020-05-04 22:00:00";14.456428075052
"2020-05-05 22:00:00";20.068958333333
"2020-05-06 22:00:00";13.199305555556
"2020-05-07 22:00:00";25.552222222222
"2020-05-08 22:00:00";18.968611111111
"2020-05-09 22:00:00";17.965845070423
"2020-05-10 22:00:00";10.661153578874
"2020-05-11 22:00:00";5.1366921473245
"2020-05-12 22:00:00";13.810145934677
"2020-05-13 22:00:00";9.7271021542738
"2020-05-14 22:00:00";25.170048644892
"2020-05-15 22:00:00";23.517720639333
"2020-05-16 22:00:00";23.535347222222
"2020-05-17 22:00:00";16.466643502432
"2020-05-18 22:00:00";16.583263888889
"2020-05-19 22:00:00";4.1820708825573
"2020-05-20 22:00:00";4.5060458651842
"2020-05-21 22:00:00";6.7100694444444
"2020-05-22 22:00:00";10.999444058374
"2020-05-23 22:00:00";5.7468380820014
"2020-05-24 22:00:00";6.9127171646977
"2020-05-25 22:00:00";6.5534722222222
"2020-05-26 22:00:00";11.654930555556
"2020-05-27 22:00:00";14.598402777778
"2020-05-28 22:00:00";5.6868055555556
"2020-05-29 22:00:00";6.7897845726199
"2020-05-30 22:00:00";6.0936761640028
"2020-05-31 22:00:00";10.756845031272
"2020-06-01 22:00:00";5.9628214037526
"2020-06-02 22:00:00";9.6687977762335
"2020-06-03 22:00:00";12.041543513957
"2020-06-04 22:00:00";4.9299773755656
"2020-06-05 22:00:00";3.6064583333333
"2020-06-06 22:00:00";9.8863099374566
"2020-06-07 22:00:00";13.183391243919
"2020-06-08 22:00:00";12.646282140375
"2020-06-09 22:00:00";18.003544127867
"2020-06-10 22:00:00";17.436970118138
"2020-06-11 22:00:00";15.525555555556
"2020-06-12 22:00:00";14.750243224461
"2020-06-13 22:00:00";7.7277275886032
"2020-06-14 22:00:00";7.1018055555555
"2020-06-15 22:00:00";10.242847222222
"2020-06-16 22:00:00";15.619722222222
"2020-06-17 22:00:00";19.120972222222
"2020-06-18 22:00:00";16.347533009034
"2020-06-19 22:00:00";9.1039583333333
"2020-06-20 22:00:00";9.8755555555556
"2020-06-21 22:00:00";10.39875
"2020-06-22 22:00:00";5.7497567755386
"2020-06-23 22:00:00";12.50701876303
"2020-06-24 22:00:00";14.080125086866
"2020-06-25 22:00:00";12.943641417651
"2020-06-27 22:00:00";10.478109798471
"2020-06-28 22:00:00";11.950156739812
"2020-06-29 22:00:00";5.5200338123415
"2020-06-30 22:00:00";6.4333910034602
"2020-07-01 22:00:00";7.4126476719944
"2020-07-02 22:00:00";11.832986111111
"2020-07-03 22:00:00";10.839263377345
"2020-07-04 22:00:00";11.259375
"2020-07-05 22:00:00";6.2477083333333
"2020-07-06 22:00:00";3.5260416666667
"2020-07-07 22:00:00";5.9276388888889
"2020-07-08 22:00:00";9.6370833333333
"2020-07-09 22:00:00";9.6494444444445
"2020-07-10 22:00:00";5.514107018763
"2020-07-11 22:00:00";4.4847916666667
"2020-07-12 22:00:00";6.181875
"2020-07-13 22:00:00";5.8534494773519
"2020-07-14 22:00:00";8.7560194850383
"2020-07-15 22:00:00";10.832453092425
"2020-07-16 22:00:00";12.893954134816
"2020-07-17 22:00:00";12.767916666667
"2020-07-18 22:00:00";10.604239054899
"2020-07-19 22:00:00";8.9258333333333
"2020-07-20 22:00:00";14.902986111111
"2020-07-21 22:00:00";10.636483669215
"2020-07-22 22:00:00";9.3420466058764
"2020-07-23 22:00:00";10.533823529412
"2020-07-24 22:00:00";12.352152777778
"2020-07-25 22:00:00";10.329534398888
"2020-07-26 22:00:00";10.571716469771
"2020-07-27 22:00:00";11.000625
"2020-07-28 22:00:00";11.150938151494
"2020-07-29 22:00:00";14.022569444444
"2020-07-30 22:00:00";10.109589993051
"2020-07-31 22:00:00";7.3639332870049
"2020-08-01 22:00:00";9.850625
"2020-08-02 22:00:00";11.875121612231
"2020-08-03 22:00:00";18.923766504517
"2020-08-04 22:00:00";7.2578472222222
"2020-08-05 22:00:00";11.790548992356
"2020-08-06 22:00:00";20.184364141765
"2020-08-07 22:00:00";24.212291666667
"2020-08-08 22:00:00";18.9475
"2020-08-09 22:00:00";11.233634468381
"2020-08-10 22:00:00";10.05552466991
"2020-08-11 22:00:00";8.9414583333333
"2020-08-12 22:00:00";9.0358582348853
"2020-08-13 22:00:00";11.391869353718
"2020-08-14 22:00:00";10.587421820709
"2020-08-15 22:00:00";7.2273106323836
"2020-08-16 22:00:00";10.665416666667
"2020-08-17 22:00:00";11.471805555556
"2020-08-18 22:00:00";20.446143154969
"2020-08-19 22:00:00";20.561362056984
"2020-08-20 22:00:00";15.058888888889
"2020-08-21 22:00:00";13.891458333333
"2020-08-22 22:00:00";6.6733148019458
"2020-08-23 22:00:00";7.9308547602502
"2020-08-24 22:00:00";8.9699305555556
"2020-08-25 22:00:00";6.8819318971508
"2020-08-26 22:00:00";2.3833912439194
"2020-08-27 22:00:00";5.9661099512874
"2020-08-28 22:00:00";9.2942321056289
"2020-08-29 22:00:00";10.559624739402
"2020-08-30 22:00:00";3.066851980542
"2020-08-31 22:00:00";5.8092361111111
"2020-09-01 22:00:00";4.1057638888889
"2020-09-02 22:00:00";9.8188888888889
"2020-09-03 22:00:00";10.317829457364
"2020-09-04 22:00:00";9.5257817929117
"2020-09-05 22:00:00";8.3782638888889
"2020-09-06 22:00:00";11.363819444444
"2020-09-07 22:00:00";12.494535519126
"2020-09-08 22:00:00";14.570325900515
"2020-09-09 22:00:00";12.695028409091
"2020-09-10 22:00:00";9.9700694444444
"2020-09-11 22:00:00";13.937638888889
"2020-09-12 22:00:00";19.648227936067
"2020-09-13 22:00:00";18.462612925643
"2020-09-14 22:00:00";20.547083333333
"2020-09-15 22:00:00";22.881527777778
"2020-09-16 22:00:00";17.147185545518
"2020-09-17 22:00:00";3.9656706045865
"2020-09-18 22:00:00";11.10875
"2020-09-19 22:00:00";15.810138888889
"2020-09-20 22:00:00";12.732592077832
"2020-09-21 22:00:00";18.657748436414
"2020-09-22 22:00:00";21.26625
"2020-09-23 22:00:00";21.220291869354
"2020-09-24 22:00:00";17.032661570535
"2020-09-25 22:00:00";4.950660180681
"2020-09-26 22:00:00";3.1961779013204
"2020-09-27 22:00:00";8.6042361111111
"2020-09-28 22:00:00";16.901513944223
"2020-09-29 22:00:00";19.482165605096
"2020-09-30 22:00:00";8.7300903405142
"2020-10-01 22:00:00";15.59979152189
"2020-10-02 22:00:00";12.961388888889
"2020-10-03 22:00:00";4.7524669909659
"2020-10-04 22:00:00";5.4064628214037
"2020-10-05 22:00:00";6.3192494788047
"2020-10-06 22:00:00";13.638220986796
"2020-10-07 22:00:00";20.933703961084
"2020-10-08 22:00:00";21.64875
"2020-10-09 22:00:00";21.525990271022
"2020-10-10 22:00:00";12.35872133426
"2020-10-11 22:00:00";7.6444444444444
"2020-10-12 22:00:00";5.994375
"2020-10-13 22:00:00";2.6046560111188
"2020-10-14 22:00:00";8.8348158443364
"2020-10-15 22:00:00";14.675608061154
"2020-10-16 22:00:00";5.7770674079222
"2020-10-17 22:00:00";9.6211111111111
"2020-10-18 22:00:00";12.318333333333
"2020-10-19 22:00:00";19.938637943016
"2020-10-20 22:00:00";26.066388888889
"2020-10-21 22:00:00";34.162638888889
"2020-10-22 22:00:00";40.126198749131
"2020-10-23 22:00:00";32.257956914524
"2020-10-24 22:00:00";30.8072
"2020-10-25 23:00:00";16.432592077832
"2020-10-26 23:00:00";16.373592772759
"2020-10-27 23:00:00";32.952814454482
"2020-10-28 23:00:00";22.429375
"2020-10-29 23:00:00";9.4722724113968
"2020-10-30 23:00:00";12.184433634468
"2020-10-31 23:00:00";31.947394023628
"2020-11-01 23:00:00";39.274287699792
"2020-11-02 23:00:00";21.666226546213
"2020-11-03 23:00:00";11.742599027102
"2020-11-04 23:00:00";19.061223071578
"2020-11-05 23:00:00";29.520208333333
"2020-11-06 23:00:00";40.755941626129
"2020-11-07 23:00:00";38.088047255038
"2020-11-08 23:00:00";42.268402777778
"2020-11-09 23:00:00";17.203057678944
"2020-11-10 23:00:00";22.977206393329
"2020-11-11 23:00:00";22.716678248784
"2020-11-12 23:00:00";22.043780403058
"2020-11-13 23:00:00";38.555802640723
"2020-11-14 23:00:00";56.414940931202
"2020-11-15 23:00:00";28.423055555556
"2020-11-16 23:00:00";31.39680333565
"2020-11-17 23:00:00";33.522307157748
"2020-11-18 23:00:00";35.665208333333
"2020-11-19 23:00:00";14.901111883252
"2020-11-20 23:00:00";41.213125
"2020-11-21 23:00:00";39.00041695622
"2020-11-22 23:00:00";28.447222222222
"2020-11-23 23:00:00";33.747810979847
"2020-11-24 23:00:00";76.310833333333
"2020-11-25 23:00:00";52.912995135511
"2020-11-26 23:00:00";43.186935371786
"2020-11-27 23:00:00";31.645031271716
"2020-11-28 23:00:00";25.518541666667
"2020-11-29 23:00:00";42.539263377345
"2020-11-30 23:00:00";38.015079916609
"2020-12-01 23:00:00";45.392216817234
"2020-12-02 23:00:00";61.930972222222
"2020-12-03 23:00:00";23.812925642808
"2020-12-04 23:00:00";18.671785962474
"2020-12-05 23:00:00";17.556775538568
"2020-12-06 23:00:00";14.743224461432
"2020-12-07 23:00:00";20.821111111111
"2020-12-08 23:00:00";21.749791666667
"2020-12-09 23:00:00";19.625347222222
"2020-12-10 23:00:00";40.457123002085
"2020-12-11 23:00:00";28.425990271022
"2020-12-12 23:00:00";25.421527777778
"2020-12-13 23:00:00";25.993254520167
"2020-12-14 23:00:00";50.78999305073
"2020-12-15 23:00:00";89.214583333333
"2020-12-16 23:00:00";87.268611111111
"2020-12-17 23:00:00";54.216886726894
"2020-12-18 23:00:00";50.483947185546
"2020-12-19 23:00:00";49.212222222222
"2020-12-20 23:00:00";67.257638888889
"2020-12-21 23:00:00";70.877569444445
"2020-12-22 23:00:00";25.937943015983
"2020-12-23 23:00:00";20.859763724809
"2020-12-24 23:00:00";9.2221681723419
"2020-12-25 23:00:00";18.79979152189
"2020-12-26 23:00:00";25.334593837535
"2020-12-27 23:00:00";6.5040972222222
"2020-12-28 23:00:00";3.534375
"2020-12-29 23:00:00";34.284294649062
"2020-12-30 23:00:00";42.615635858235
"2020-12-31 23:00:00";42.872897845726
"2021-01-01 23:00:00";57.556706045865
"2021-01-02 23:00:00";56.482986111111
"2021-01-03 23:00:00";58.321805555556
"2021-01-04 23:00:00";22.342946490618
"2021-01-05 23:00:00";39.004030576789
"2021-01-06 23:00:00";40.182986111111
"2021-01-07 23:00:00";27.508125
"2021-01-08 23:00:00";34.351563585823
"2021-01-09 23:00:00";51.381584433634
"2021-01-10 23:00:00";76.062473940236
"2021-01-11 23:00:00";77.805694444444
"2021-01-12 23:00:00";16.123055555556
"2021-01-13 23:00:00";19.364280750521
"2021-01-14 23:00:00";14.569448584203
"2021-01-15 23:00:00";15.221428571429
"2021-01-16 23:00:00";24.829583333333
"2021-01-17 23:00:00";59.985208333333
"2021-01-18 23:00:00";41.385277777778
"2021-01-19 23:00:00";17.046004169562
"2021-01-20 23:00:00";48.46191799861
"2021-01-21 23:00:00";30.385615010424
"2021-01-22 23:00:00";13.368402777778
"2021-01-23 23:00:00";19.503961084086
"2021-01-24 23:00:00";11.977638888889
"2021-01-25 23:00:00";18.311049339819
"2021-01-26 23:00:00";18.360486111111
"2021-01-27 23:00:00";38.430833333333
"2021-01-28 23:00:00";17.748992355803
"2021-01-29 23:00:00";33.012777777778
"2021-01-30 23:00:00";25.587352328006
"2021-01-31 23:00:00";70.065948575399
"2021-02-01 23:00:00";77.500625
"2021-02-02 23:00:00";43.942430555556
"2021-02-03 23:00:00";13.505559416261
"2021-02-04 23:00:00";33.405837387074
"2021-02-05 23:00:00";25.613273106324
"2021-02-06 23:00:00";27.969075747047
"2021-02-07 23:00:00";30.859485753996
"2021-02-08 23:00:00";82.509236111111
"2021-02-09 23:00:00";77.325069444444
"2021-02-10 23:00:00";27.315625
"2021-02-11 23:00:00";20.127102154274
"2021-02-12 23:00:00";41.72446143155
"2021-02-13 23:00:00";20.765601111883
"2021-02-14 23:00:00";46.283541666667
"2021-02-15 23:00:00";94.329117442669
"2021-02-16 23:00:00";53.353509381515
"2021-02-17 23:00:00";47.223974982627
"2021-02-18 23:00:00";71.857909407666
"2021-02-19 23:00:00";76.454930555556
"2021-02-20 23:00:00";67.959416261293
"2021-02-21 23:00:00";63.074652777778
"2021-02-22 23:00:00";64.310555555556
"2021-02-23 23:00:00";75.887143849896
"2021-02-24 23:00:00";81.045239749826
"2021-02-25 23:00:00";44.157748436414
"2021-02-26 23:00:00";13.856180555556
"2021-02-27 23:00:00";17.636875
"2021-02-28 23:00:00";18.977414871439
"2021-03-01 23:00:00";39.991736111111
"2021-03-02 23:00:00";56.642738012509
"2021-03-03 23:00:00";38.681458333333
"2021-03-04 23:00:00";19.905976372481
"2021-03-05 23:00:00";29.519791666667
"2021-03-06 23:00:00";23.549061848506
"2021-03-07 23:00:00";24.942738012509
"2021-03-08 23:00:00";39.560138888889
"2021-03-09 23:00:00";37.581527777778
"2021-03-10 23:00:00";38.325573314802
"2021-03-11 23:00:00";9.1947185545518
"2021-03-12 23:00:00";14.331805555556
"2021-03-13 23:00:00";5.3792216817234
"2021-03-14 23:00:00";29.589645587213
"2021-03-15 23:00:00";55.083402777778
"2021-03-16 23:00:00";15.577970813065
"2021-03-17 23:00:00";13.456706045865
"2021-03-18 23:00:00";42.169236111111
"2021-03-19 23:00:00";11.678055555556
"2021-03-20 23:00:00";22.524947880473
"2021-03-21 23:00:00";10.136970118138
"2021-03-22 23:00:00";25.440097289785
"2021-03-23 23:00:00";23.664141765115
"2021-03-24 23:00:00";50.019944405837
"2021-03-25 23:00:00";73.570743571925
"2021-03-26 23:00:00";35.134954829743
"2021-03-27 23:00:00";10.116243654822
"2021-03-28 22:00:00";34.55872133426
"2021-03-29 22:00:00";33.172986111111
"2021-03-30 22:00:00";41.678125
"2021-03-31 22:00:00";26.036692147324
"2021-04-01 22:00:00";13.855694444444
"2021-04-02 22:00:00";21.727102154274
"2021-04-03 22:00:00";10.235093815149
"2021-04-04 22:00:00";14.059555246699
"2021-04-05 22:00:00";8.1360416666667
"2021-04-06 22:00:00";16.066921473245
"2021-04-07 22:00:00";10.859166666667
"2021-04-08 22:00:00";13.766921473245
"2021-04-09 22:00:00";15.996733842946
"2021-04-10 22:00:00";18.111466296039
"2021-04-11 22:00:00";13.857956914524
"2021-04-12 22:00:00";7.2799861014593
"2021-04-13 22:00:00";11.268450312717
"2021-04-14 22:00:00";6.9243224461431
"2021-04-15 22:00:00";8.0298611111111
"2021-04-16 22:00:00";14.898055555556
"2021-04-17 22:00:00";19.09979152189
"2021-04-18 22:00:00";32.029534398888
"2021-04-19 22:00:00";19.942529534399
"2021-04-20 22:00:00";23.885664578984
"2021-04-21 22:00:00";15.306462821404
"2021-04-22 22:00:00";8.860319666435
"2021-04-23 22:00:00";12.824322446143
"2021-04-24 22:00:00";10.981862404448
"2021-04-25 22:00:00";11.720946416145
"2021-04-26 22:00:00";13.948992355803
"2021-04-27 22:00:00";17.065392633773
"2021-04-28 22:00:00";16.42744961779
"2021-04-29 22:00:00";10.646699096595
"2021-04-30 22:00:00";23.282904794997
"2021-05-01 22:00:00";14.810145934677
"2021-05-02 22:00:00";4.4240972222222
"2021-05-03 22:00:00";11.743224461432
"2021-05-04 22:00:00";4.0689583333333
"2021-05-05 22:00:00";1.864375
"2021-05-06 22:00:00";2.4508333333333
"2021-05-07 22:00:00";4.2267546907575
"2021-05-08 22:00:00";14.246375739645
"2021-05-09 22:00:00";7.0404447533009
"2021-05-10 22:00:00";9.9337039610841
"2021-05-11 22:00:00";9.5211952744962
"2021-05-12 22:00:00";10.242182070883
"2021-05-13 22:00:00";10.081597222222
"2021-05-14 22:00:00";6.26125
"2021-05-15 22:00:00";5.4709027777778
"2021-05-16 22:00:00";6.7586518415566
"2021-05-17 22:00:00";4.6301388888889
"2021-05-18 22:00:00";9.7415566365532
"2021-05-19 22:00:00";5.2814583333333
"2021-05-20 22:00:00";7.6426388888889
"2021-05-21 22:00:00";3.3125086865879
"2021-05-22 22:00:00";3.19
"2021-05-23 22:00:00";7.468125
"2021-05-24 22:00:00";5.0808200138985
"2021-05-25 22:00:00";2.4630555555556
"2021-05-26 22:00:00";2.9458651841557
"2021-05-27 22:00:00";5.0858234885337
"2021-05-28 22:00:00";6.0905489923558
"2021-05-29 22:00:00";6.6612230715775
"2021-05-30 22:00:00";6.5569444444444
"2021-05-31 22:00:00";8.1510771369006
"2021-06-01 22:00:00";10.884225156359
"2021-06-02 22:00:00";10.090548992356
"2021-06-03 22:00:00";11.564097222222
"2021-06-04 22:00:00";11.543154968728
"2021-06-05 22:00:00";12.150347222222
"2021-06-06 22:00:00";8.0443671766342
"2021-06-07 22:00:00";12.063446838082
"2021-06-08 22:00:00";11.053856845031
"2021-06-09 22:00:00";5.5188022284123
"2021-06-10 22:00:00";10.626041666667
"2021-06-11 22:00:00";11.607152777778
"2021-06-12 22:00:00";2.5023627519111
"2021-06-13 22:00:00";2.1711111111111
"2021-06-14 22:00:00";9.3370233702337
"2021-06-16 22:00:00";14.436880733945
"2021-06-17 22:00:00";14.928839471855
"2021-06-18 22:00:00";13.521959694232
"2021-06-19 22:00:00";11.177067407922
"2021-06-20 22:00:00";11.046560111188
"2021-06-21 22:00:00";12.631875
"2021-06-22 22:00:00";19.720569840167
"2021-06-23 22:00:00";22.160945100764
"2021-06-24 22:00:00";7.8420833333333
"2021-06-25 22:00:00";10.694791666667
"2021-06-26 22:00:00";14.265625
"2021-06-27 22:00:00";13.975399583044
"2021-06-28 22:00:00";16.342946490618
"2021-06-29 22:00:00";5.44375
"2021-06-30 22:00:00";8.6598332175122
"2021-07-01 22:00:00";7.3358333333333
"2021-07-02 22:00:00";9.294375
"2021-07-03 22:00:00";13.880055594163
"2021-07-04 22:00:00";12.352744961779
"2021-07-05 22:00:00";14.426963168867
"2021-07-06 22:00:00";16.670952050035
"2021-07-07 22:00:00";16.909034051425
"2021-07-08 22:00:00";15.252638888889
"2021-07-09 22:00:00";3.3443363446838
"2021-07-10 22:00:00";12.364489228631
"2021-07-11 22:00:00";10.808194444444
"2021-07-12 22:00:00";19.527986111111
"2021-07-13 22:00:00";22.122654621265
"2021-07-14 22:00:00";10.486163522013
"2021-07-15 22:00:00";16.149272349272
"2021-07-16 22:00:00";11.981527777778
"2021-07-17 22:00:00";14.186935371786
"2021-07-18 22:00:00";7.9073764787752
"2021-07-19 22:00:00";9.5620138888889
"2021-07-20 22:00:00";6.4588194444445
"2021-07-21 22:00:00";8.0187630298819
"2021-07-22 22:00:00";13.928
"2021-07-27 22:00:00";8.3291871921182
"2021-07-28 22:00:00";7.9072967338429
"2021-07-29 22:00:00";8.4009722222222
"2021-07-30 22:00:00";11.206319444444
"2021-07-31 22:00:00";9.894788047255
"2021-08-01 22:00:00";3.9535093815149
"2021-08-02 22:00:00";4.2511805555556
"2021-08-03 22:00:00";5.5669214732453
"2021-08-04 22:00:00";8.4697222222222
"2021-08-05 22:00:00";1.9665277777778
"2021-08-06 22:00:00";5.7400277970813
"2021-08-07 22:00:00";3.7925642807505
"2021-08-08 22:00:00";2.8971988795518
"2021-08-09 22:00:00";8.445625
"2021-08-10 22:00:00";6.6659485753996
"2021-08-11 22:00:00";9.1926337734538
"2021-08-12 22:00:00";14.772897845726
"2021-08-13 22:00:00";17.353509381515
"2021-08-14 22:00:00";19.48875
"2021-08-15 22:00:00";12.84510076442
"2021-08-16 22:00:00";3.0587213342599
"2021-08-17 22:00:00";4.3591382904795
"2021-08-18 22:00:00";5.5808333333333
"2021-08-19 22:00:00";9.9896527777778
"2021-08-20 22:00:00";10.551633078527
"2021-08-21 22:00:00";14.143541666667
"2021-08-22 22:00:00";9.2631688672689
"2021-08-23 22:00:00";5.8534722222222
"2021-08-24 22:00:00";10.288186240445
"2021-08-25 22:00:00";9.9649061848506
"2021-08-26 22:00:00";6.8046560111188
"2021-08-27 22:00:00";6.6399305555556
"2021-08-28 22:00:00";12.76174863388
"2021-08-29 22:00:00";8.3771929824561
"2021-08-30 22:00:00";2.7785267546908
"2021-08-31 22:00:00";3.3277275886032
"2021-09-01 22:00:00";7.0179166666667
"2021-09-02 22:00:00";10.358095899931
"2021-09-03 22:00:00";19.424919093851
"2021-09-05 22:00:00";5.9709190672154
"2021-09-06 22:00:00";13.724930555556
"2021-09-07 22:00:00";17.688464211258
"2021-09-08 22:00:00";17.723697011814
"2021-09-09 22:00:00";16.064305555556
"2021-09-10 22:00:00";15.782916666667
"2021-09-11 22:00:00";16.887282835302
"2021-09-12 22:00:00";18.667824878388
"2021-09-13 22:00:00";17.989715079917
"2021-09-14 22:00:00";23.471597222222
"2021-09-15 22:00:00";27.292638888889
"2021-09-16 22:00:00";8.9863099374566
"2021-09-17 22:00:00";3.8403057678944
"2021-09-18 22:00:00";7.004169562196
"2021-09-19 22:00:00";7.2571230020848
"2021-09-20 22:00:00";10.084989576094
"2021-09-21 22:00:00";8.2612925642808
"2021-09-22 22:00:00";12.924930555556
"2021-09-23 22:00:00";3.4276270006959
"2021-09-24 22:00:00";9.5845833333334
"2021-09-25 22:00:00";22.796733842946
"2021-09-26 22:00:00";25.381180555556
"2021-09-27 22:00:00";13.422376650452
"2021-09-28 22:00:00";22.226337734538
"2021-09-29 22:00:00";21.253300903405
"2021-09-30 22:00:00";19.798958333333
"2021-10-01 22:00:00";17.714305555556
"2021-10-02 22:00:00";20.506180555556
"2021-10-03 22:00:00";19.347741487144
"2021-10-04 22:00:00";24.084781097985
"2021-10-05 22:00:00";21.303891591383
"2021-10-06 22:00:00";23.881584433634
"2021-10-07 22:00:00";18.535833333333
"2021-10-08 22:00:00";20.913263888889
"2021-10-09 22:00:00";31.152569444444
"2021-10-10 22:00:00";44.65875
"2021-10-11 22:00:00";29.161111111111
"2021-10-12 22:00:00";10.817581653926
"2021-10-13 22:00:00";19.546666666667
"2021-10-14 22:00:00";11.259375
"2021-10-15 22:00:00";10.45809589993
"2021-10-16 22:00:00";25.781028492008
"2021-10-17 22:00:00";34.870833333333
"2021-10-18 22:00:00";20.146351633079
"2021-10-19 22:00:00";11.878179291174
"2021-10-20 22:00:00";8.8726893676164
"2021-10-21 22:00:00";1.2915620641562
"2021-10-22 22:00:00";5.1382904794997
"2021-10-23 22:00:00";17.7617095205
"2021-10-24 22:00:00";28.055763888889
"2021-10-25 22:00:00";47.562916666667
"2021-10-26 22:00:00";39.380972222222
"2021-10-27 22:00:00";50.057013888889
"2021-10-28 22:00:00";53.2382904795
"2021-10-29 22:00:00";33.493472222222
"2021-10-30 22:00:00";27.838025350233
"2021-10-31 23:00:00";31.129742876998
"2021-11-01 23:00:00";35.404794996525
"2021-11-02 23:00:00";13.011049339819
"2021-11-03 23:00:00";8.1182070882557
"2021-11-04 23:00:00";5.4487143849896
"2021-11-05 23:00:00";17.637178596247
"2021-11-06 23:00:00";34.119318971508
"2021-11-07 23:00:00";10.162569444444
"2021-11-08 23:00:00";19.723419041001
"2021-11-09 23:00:00";41.660458651842
"2021-11-10 23:00:00";69.806388888889
"2021-11-11 23:00:00";45.81625
"2021-11-12 23:00:00";45.343958333333
"2021-11-13 23:00:00";50.522515635858
"2021-11-14 23:00:00";46.922237665045
"2021-11-15 23:00:00";37.46532314107
"2021-11-16 23:00:00";37.197845726199
"2021-11-17 23:00:00";12.462751911049
"2021-11-18 23:00:00";7.5311805555555
"2021-11-19 23:00:00";9.6144444444444
"2021-11-20 23:00:00";13.655594162613
"2021-11-21 23:00:00";20.205489923558
"2021-11-22 23:00:00";8.6022237665045
"2021-11-23 23:00:00";14.431897150799
"2021-11-24 23:00:00";43.372689367616
"2021-11-25 23:00:00";53.287569444444
"2021-11-26 23:00:00";20.286726893676
"2021-11-27 23:00:00";44.71765114663
"2021-11-28 23:00:00";12.648853370396
"2021-11-29 23:00:00";6.109375
"2021-11-30 23:00:00";3.1284225156359
"2021-12-01 23:00:00";1.573273657289
"2021-12-02 23:00:00";21.976523702032
"2021-12-03 23:00:00";21.526256499133
"2021-12-04 23:00:00";29.298818624044
"2021-12-05 23:00:00";56.535371785963
"2021-12-06 23:00:00";30.267685892981
"2021-12-07 23:00:00";30.421612230716
"2021-12-08 23:00:00";36.80125
"2021-12-09 23:00:00";65.122361111111
"2021-12-10 23:00:00";54.620013898541
"2021-12-11 23:00:00";50.25128561501
"2021-12-12 23:00:00";104.9085476025
"2021-12-13 23:00:00";105.16534722222
"2021-12-14 23:00:00";55.212439193885
"2021-12-15 23:00:00";21.00722724114
"2021-12-16 23:00:00";5.0151388888889
"2021-12-17 23:00:00";11.275277777778
"2021-12-18 23:00:00";5.6785267546908
"2021-12-19 23:00:00";4.2122222222222
"2021-12-20 23:00:00";18.89375
"2021-12-21 23:00:00";56.532430555556
"2021-12-22 23:00:00";70.027152777778
"2021-12-23 23:00:00";9.7509027777778
"2021-12-24 23:00:00";10.737804030577
"2021-12-25 23:00:00";47.071994440584
"2021-12-26 23:00:00";65.675121612231
"2021-12-27 23:00:00";42.782777777778
"2021-12-28 23:00:00";65.025138888889
"2021-12-29 23:00:00";93.594927032662
"2021-12-30 23:00:00";5.30125
"2021-12-31 23:00:00";8.6753300903405
"2022-01-01 23:00:00";17.518611111111
"2022-01-02 23:00:00";3.3927083333333
"2022-01-03 23:00:00";2.8439193884642
"2022-01-04 23:00:00";6.6464211257818
"2022-01-05 23:00:00";2.9280555555556
"2022-01-06 23:00:00";23.985545517721
"2022-01-07 23:00:00";57.01744266852
"2022-01-08 23:00:00";61.449722222222
"2022-01-09 23:00:00";52.749895760945
"2022-01-10 23:00:00";28.201945795692
"2022-01-11 23:00:00";27.55830437804
"2022-01-12 23:00:00";20.834166666667
"2022-01-13 23:00:00";13.799861014593
"2022-01-14 23:00:00";19.381111111111
"2022-01-15 23:00:00";49.346907574705
"2022-01-16 23:00:00";11.263238359972
"2022-01-17 23:00:00";14.978263888889
"2022-01-18 23:00:00";33.659583333333
"2022-01-19 23:00:00";13.467152777778
"2022-01-20 23:00:00";9.3253648366921
"2022-01-23 23:00:00";50.317777777778
"2022-01-24 23:00:00";51.340625
"2022-01-25 23:00:00";31.696805555556
"2022-01-26 23:00:00";24.667152777778
"2022-01-27 23:00:00";7.5469075747047
"2022-01-28 23:00:00";11.654412786657
"2022-01-29 23:00:00";3.6570833333333
"2022-01-30 23:00:00";13.439263377345
"2022-01-31 23:00:00";31.361805555556
"2022-02-01 23:00:00";6.5784722222222
"2022-02-02 23:00:00";15.640861709521
"2022-02-03 23:00:00";20.536944444444
"2022-02-04 23:00:00";10.003819444444
"2022-02-05 23:00:00";5.9685198054204
"2022-02-06 23:00:00";4.5299513551077
"2022-02-07 23:00:00";8.5443055555555
"2022-02-08 23:00:00";14.570833333333
"2022-02-09 23:00:00";14.627519110493
"2022-02-10 23:00:00";17.527152777778
"2022-02-11 23:00:00";16.894722222222
"2022-02-12 23:00:00";35.666782487839
"2022-02-13 23:00:00";34.63425990271
"2022-02-14 23:00:00";45.062195969423
"2022-02-15 23:00:00";53.044305555556
"2022-02-16 23:00:00";1.85375
"2022-02-17 23:00:00";4.4070882557331
"2022-02-18 23:00:00";4.2423611111111
"2022-02-19 23:00:00";8.1187630298819
"2022-02-20 23:00:00";4.1413481584434
"2022-02-21 23:00:00";7.3628908964559
"2022-02-22 23:00:00";9.8373611111111
"2022-02-23 23:00:00";21.865972222222
"2022-02-24 23:00:00";19.971507991661
"2022-02-25 23:00:00";46.906805555556
"2022-02-26 23:00:00";24.102849200834
"2022-02-27 23:00:00";13.953509381515
"2022-02-28 23:00:00";27.278958333333
"2022-03-01 23:00:00";54.721111111111
"2022-03-02 23:00:00";72.211118832522
"2022-03-03 23:00:00";27.893745656706
"2022-03-04 23:00:00";20.042321056289
"2022-03-05 23:00:00";19.44530924253
"2022-03-06 23:00:00";27.745656706046
"2022-03-07 23:00:00";21.588950660181
"2022-03-08 23:00:00";51.546143154969
"2022-03-09 23:00:00";12.277345378735
"2022-03-10 23:00:00";20.271021542738
"2022-03-11 23:00:00";37.234190410007
"2022-03-12 23:00:00";60.55191104934
"2022-03-13 23:00:00";42.449965253648
"2022-03-14 23:00:00";52.79680333565
"2022-03-15 23:00:00";51.478387769284
"2022-03-16 23:00:00";41.555416666667
"2022-03-17 23:00:00";26.091313412092
"2022-03-19 23:00:00";20.713864306785
"2022-03-20 23:00:00";37.854829742877
"2022-03-21 23:00:00";44.629930555556
"2022-03-22 23:00:00";52.958263888889
"2022-03-23 23:00:00";47.68255733148
"2022-03-24 23:00:00";47.14871438499
"2022-03-25 23:00:00";45.1
"2022-03-26 23:00:00";5.4696156635243
"2022-03-27 22:00:00";30.075608061154
"2022-03-28 22:00:00";31.591243919388
"2022-03-29 22:00:00";27.501944444444
"2022-03-30 22:00:00";12.431041666667
"2022-03-31 22:00:00";10.000625
"2022-04-01 22:00:00";16.949652777778
"2022-04-02 22:00:00";13.460041695622
"2022-04-03 22:00:00";17.2723419041
"2022-04-04 22:00:00";11.526824183461
"2022-04-05 22:00:00";7.4536111111111
"2022-04-06 22:00:00";9.4738012508687
"2022-04-07 22:00:00";2.1826388888889
"2022-04-08 22:00:00";13.232916666667
"2022-04-09 22:00:00";16.94510076442
"2022-04-10 22:00:00";15.88596247394
"2022-04-11 22:00:00";24.690069444444
"2022-04-12 22:00:00";23.981584433635
"2022-04-13 22:00:00";20.214176511466
"2022-04-14 22:00:00";23.934537873523
"2022-04-15 22:00:00";6.9173731758165
"2022-04-16 22:00:00";14.416843971631
"2022-04-20 22:00:00";24.459499263623
"2022-04-21 22:00:00";26.330715774844
"2022-04-23 22:00:00";25.583055555556
"2022-04-24 22:00:00";12.376441973593
"2022-04-25 22:00:00";20.376180555556
"2022-04-26 22:00:00";27.298125
"2022-04-27 22:00:00";20.895135510771
"2022-04-28 22:00:00";22.909173036831
"2022-04-29 22:00:00";21.201598332175
"2022-04-30 22:00:00";26.684722222222
"2022-05-01 22:00:00";24.301597222222
"2022-05-02 22:00:00";28.816400277971
"2022-05-03 22:00:00";13.260806115358
"2022-05-04 22:00:00";12.790896455872
"2022-05-05 22:00:00";24.253055555556
"2022-05-06 22:00:00";20.801181375956
"2022-05-07 22:00:00";23.383611111111
"2022-05-08 22:00:00";6.0242529534399
"2022-05-09 22:00:00";6.2855670103093
"2022-05-10 22:00:00";12.548039215686
"2022-05-11 22:00:00";11.115277777778
"2022-05-12 22:00:00";7.4985416666667
"2022-05-13 22:00:00";11.454444444444
"2022-05-14 22:00:00";12.124513888889
"2022-05-15 22:00:00";6.4873611111111
"2022-05-16 22:00:00";5.4427380125087
"2022-05-17 22:00:00";3.2502777777778
"2022-05-18 22:00:00";6.7511466296039
"2022-05-19 22:00:00";9.6671994440584
"2022-05-20 22:00:00";3.8916666666667
"2022-05-21 22:00:00";2.7731758165393
"2022-05-22 22:00:00";3.4997915218902
"2022-05-23 22:00:00";10.881584433634
